{
  "project_info": {
    "project_number": "204404675577",
    "firebase_url": "https://mydocument2-bebfd.firebaseio.com",
    "project_id": "mydocument2-bebfd",
    "storage_bucket": "mydocument2-bebfd.appspot.com"
  },
  "client": [
    {
      "client_info": {
        "mobilesdk_app_id": "1:204404675577:android:b3f234feb8cb7c40",
        "android_client_info": {
          "package_name": "com.example.ethan.mydocument"
        }
      },
      "oauth_client": [
        {
          "client_id": "204404675577-r4kvkt4leh1e4s54jm2occl929i9u5d9.apps.googleusercontent.com",
          "client_type": 1,
          "android_info": {
            "package_name": "com.example.ethan.mydocument",
            "certificate_hash": "8e35c67d09e9e8f213bdfd8dcc61af7349c56144"
          }
        },
        {
          "client_id": "204404675577-okp7d881s6am38am17crufvs2je35njt.apps.googleusercontent.com",
          "client_type": 3
        }
      ],
      "api_key": [
        {
          "current_key": "AIzaSyAnF9aiz0cnO3RZFM33SypfVYFaGJvWBfg"
        }
      ],
      "services": {
        "analytics_service": {
          "status": 1
        },
        "appinvite_service": {
          "status": 2,
          "other_platform_oauth_client": [
            {
              "client_id": "204404675577-okp7d881s6am38am17crufvs2je35njt.apps.googleusercontent.com",
              "client_type": 3
            }
          ]
        },
        "ads_service": {
          "status": 2
        }
      }
    }
  ],
  "configuration_version": "1"
}